sharpe_ratio,annualized_return,annualized_volatility,volatility_ratio,exceeds_constraint,model
0.3587714568524085,0.06193104963496385,0.17261977911593188,0.9789359334789285,False,lightgbm
0.18843080371658633,0.031221528310475834,0.16569227374010084,0.9396496826419666,False,cacatboost
0.4525124146301054,0.09604209265517838,0.2122418955813301,1.2036350598890928,False,xgboost
0.3244492673710646,0.0643781131341881,0.1984227415762984,1.1252659037293038,False,random_forest
