sharpe_ratio,annualized_return,annualized_volatility,volatility_ratio,mean_allocation,std_allocation,exceeds_constraint,model
8.506690522672937,1.405288007750568,0.16519797023355268,1.0941362410219577,1.0687830687830688,0.6787235923743988,False,lightgbm
8.55289462771107,1.416170316486358,0.16557789825891428,1.0966525735225348,1.066931128501892,0.6842456459999084,False,xgboost
8.50557676391195,1.4049950676884677,0.16518516106393608,1.094051403558912,1.0822751322751323,0.6868208398856087,False,random_forest
